{
    "name": "root",
    "gauges": {
        "MyBehavior.Policy.Entropy.mean": {
            "value": -0.10337942838668823,
            "min": -0.1376979500055313,
            "max": -0.07559126615524292,
            "count": 50
        },
        "MyBehavior.Policy.Entropy.sum": {
            "value": -1039.58349609375,
            "min": -1387.169189453125,
            "max": -756.0638427734375,
            "count": 50
        },
        "MyBehavior.Environment.EpisodeLength.mean": {
            "value": 77.5390625,
            "min": 14.352220520673812,
            "max": 86.2,
            "count": 50
        },
        "MyBehavior.Environment.EpisodeLength.sum": {
            "value": 9925.0,
            "min": 9102.0,
            "max": 10665.0,
            "count": 50
        },
        "MyBehavior.Policy.ExtrinsicValueEstimate.mean": {
            "value": 2.734125852584839,
            "min": 2.6162517070770264,
            "max": 3.438525915145874,
            "count": 50
        },
        "MyBehavior.Policy.ExtrinsicValueEstimate.sum": {
            "value": 604.2418212890625,
            "min": 604.2418212890625,
            "max": 2241.9189453125,
            "count": 50
        },
        "MyBehavior.Environment.CumulativeReward.mean": {
            "value": 3.903964370576432,
            "min": 3.542060618866643,
            "max": 5.543183459372478,
            "count": 50
        },
        "MyBehavior.Environment.CumulativeReward.sum": {
            "value": 499.7074394337833,
            "min": 440.1101356856525,
            "max": 3341.908964285627,
            "count": 50
        },
        "MyBehavior.Policy.ExtrinsicReward.mean": {
            "value": 3.903964370576432,
            "min": 3.542060618866643,
            "max": 5.543183459372478,
            "count": 50
        },
        "MyBehavior.Policy.ExtrinsicReward.sum": {
            "value": 499.7074394337833,
            "min": 440.1101356856525,
            "max": 3341.908964285627,
            "count": 50
        },
        "MyBehavior.IsTraining.mean": {
            "value": 1.0,
            "min": 1.0,
            "max": 1.0,
            "count": 50
        },
        "MyBehavior.IsTraining.sum": {
            "value": 1.0,
            "min": 1.0,
            "max": 1.0,
            "count": 50
        },
        "MyBehavior.Losses.PolicyLoss.mean": {
            "value": 0.016070452504209243,
            "min": 0.015171804555575364,
            "max": 0.020461508608423173,
            "count": 30
        },
        "MyBehavior.Losses.PolicyLoss.sum": {
            "value": 0.016070452504209243,
            "min": 0.015171804555575364,
            "max": 0.020461508608423173,
            "count": 30
        },
        "MyBehavior.Losses.ValueLoss.mean": {
            "value": 0.18592539373785258,
            "min": 0.10289578675292432,
            "max": 0.46926439367234707,
            "count": 30
        },
        "MyBehavior.Losses.ValueLoss.sum": {
            "value": 0.18592539373785258,
            "min": 0.10289578675292432,
            "max": 0.46926439367234707,
            "count": 30
        },
        "MyBehavior.Policy.LearningRate.mean": {
            "value": 5.299098486000015e-06,
            "min": 5.299098486000015e-06,
            "max": 0.00033851370328179996,
            "count": 30
        },
        "MyBehavior.Policy.LearningRate.sum": {
            "value": 5.299098486000015e-06,
            "min": 5.299098486000015e-06,
            "max": 0.00033851370328179996,
            "count": 30
        },
        "MyBehavior.Policy.Epsilon.mean": {
            "value": 0.10151400000000002,
            "min": 0.10151400000000002,
            "max": 0.19671820000000004,
            "count": 30
        },
        "MyBehavior.Policy.Epsilon.sum": {
            "value": 0.10151400000000002,
            "min": 0.10151400000000002,
            "max": 0.19671820000000004,
            "count": 30
        },
        "MyBehavior.Policy.Beta.mean": {
            "value": 8.55486000000002e-05,
            "min": 8.55486000000002e-05,
            "max": 0.00483623818,
            "count": 30
        },
        "MyBehavior.Policy.Beta.sum": {
            "value": 8.55486000000002e-05,
            "min": 8.55486000000002e-05,
            "max": 0.00483623818,
            "count": 30
        }
    },
    "metadata": {
        "timer_format_version": "0.1.0",
        "start_time_seconds": "1617203114",
        "python_version": "3.7.9 (default, Aug 31 2020, 17:10:11) [MSC v.1916 64 bit (AMD64)]",
        "command_line_arguments": "C:\\Users\\Kristian\\.conda\\envs\\ml\\Scripts\\mlagents-learn config.yaml",
        "mlagents_version": "0.25.0",
        "mlagents_envs_version": "0.25.0",
        "communication_protocol_version": "1.5.0",
        "pytorch_version": "1.7.1",
        "numpy_version": "1.18.5",
        "end_time_seconds": "1617206491"
    },
    "total": 3377.2752799,
    "count": 1,
    "self": 0.012965699999767821,
    "children": {
        "run_training.setup": {
            "total": 0.2204796,
            "count": 1,
            "self": 0.2204796
        },
        "TrainerController.start_learning": {
            "total": 3377.0418346,
            "count": 1,
            "self": 2.855952899969907,
            "children": {
                "TrainerController._reset_env": {
                    "total": 4.0584766,
                    "count": 1,
                    "self": 4.0584766
                },
                "TrainerController.advance": {
                    "total": 3369.9952305000297,
                    "count": 90839,
                    "self": 1.4060683000420795,
                    "children": {
                        "env_step": {
                            "total": 3368.5891621999876,
                            "count": 90839,
                            "self": 2836.2337161000014,
                            "children": {
                                "SubprocessEnvManager._take_step": {
                                    "total": 530.2515502000008,
                                    "count": 90839,
                                    "self": 6.643780499959348,
                                    "children": {
                                        "TorchPolicy.evaluate": {
                                            "total": 523.6077697000414,
                                            "count": 83371,
                                            "self": 132.0406626000571,
                                            "children": {
                                                "TorchPolicy.sample_actions": {
                                                    "total": 391.56710709998436,
                                                    "count": 83371,
                                                    "self": 391.56710709998436
                                                }
                                            }
                                        }
                                    }
                                },
                                "workers": {
                                    "total": 2.103895899985347,
                                    "count": 90839,
                                    "self": 0.0,
                                    "children": {
                                        "worker_root": {
                                            "total": 3370.4916724999757,
                                            "count": 90839,
                                            "is_parallel": true,
                                            "self": 750.2605886999509,
                                            "children": {
                                                "steps_from_proto": {
                                                    "total": 0.011978399999999834,
                                                    "count": 1,