{
    "name": "root",
    "gauges": {
        "MyBehavior.Policy.Entropy.mean": {
            "value": -1.0369218587875366,
            "min": -1.0656100511550903,
            "max": -1.0369218587875366,
            "count": 2
        },
        "MyBehavior.Policy.Entropy.sum": {
            "value": -26180.203125,
            "min": -27347.81640625,
            "max": -26180.203125,
            "count": 2
        },
        "MyBehavior.Environment.EpisodeLength.mean": {
            "value": 34.22831050228311,
            "min": 30.828205128205127,
            "max": 34.22831050228311,
            "count": 2
        },
        "MyBehavior.Environment.EpisodeLength.sum": {
            "value": 22488.0,
            "min": 22488.0,
            "max": 24046.0,
            "count": 2
        },
        "MyBehavior.Policy.ExtrinsicValueEstimate.mean": {
            "value": 3.475667715072632,
            "min": 3.475667715072632,
            "max": 3.508277177810669,
            "count": 2
        },
        "MyBehavior.Policy.ExtrinsicValueEstimate.sum": {
            "value": 2745.777587890625,
            "min": 2745.777587890625,
            "max": 3129.38330078125,
            "count": 2
        },
        "MyBehavior.Environment.CumulativeReward.mean": {
            "value": 5.0109378417840995,
            "min": 3.649335341671637,
            "max": 5.0109378417840995,
            "count": 2
        },
        "MyBehavior.Environment.CumulativeReward.sum": {
            "value": 3277.153348526801,
            "min": 2846.481566503877,
            "max": 3277.153348526801,
            "count": 2
        },
        "MyBehavior.Policy.ExtrinsicReward.mean": {
            "value": 5.0109378417840995,
            "min": 3.649335341671637,
            "max": 5.0109378417840995,
            "count": 2
        },
        "MyBehavior.Policy.ExtrinsicReward.sum": {
            "value": 3277.153348526801,
            "min": 2846.481566503877,
            "max": 3277.153348526801,
            "count": 2
        },
        "MyBehavior.Losses.PolicyLoss.mean": {
            "value": 0.02788668529246934,
            "min": 0.02788668529246934,
            "max": 0.12221067149657756,
            "count": 2
        },
        "MyBehavior.Losses.PolicyLoss.sum": {
            "value": 0.05577337058493868,
            "min": 0.05577337058493868,
            "max": 0.12221067149657756,
            "count": 2
        },
        "MyBehavior.Losses.ValueLoss.mean": {
            "value": 0.1680700636934489,
            "min": 0.1680700636934489,
            "max": 0.25166514366865156,
            "count": 2
        },
        "MyBehavior.Losses.ValueLoss.sum": {
            "value": 0.3361401273868978,
            "min": 0.25166514366865156,
            "max": 0.3361401273868978,
            "count": 2
        },
        "MyBehavior.Policy.LearningRate.mean": {
            "value": 0.00045900400819919994,
            "min": 0.00045900400819919994,
            "max": 0.00048358400328319995,
            "count": 2
        },
        "MyBehavior.Policy.LearningRate.sum": {
            "value": 0.0009180080163983999,
            "min": 0.00048358400328319995,
            "max": 0.0009180080163983999,
            "count": 2
        },
        "MyBehavior.Policy.Epsilon.mean": {
            "value": 0.1918008,
            "min": 0.1918008,
            "max": 0.1967168,
            "count": 2
        },
        "MyBehavior.Policy.Epsilon.sum": {
            "value": 0.3836016,
            "min": 0.1967168,
            "max": 0.3836016,
            "count": 2
        },
        "MyBehavior.Policy.Beta.mean": {
            "value": 0.004590859919999999,
            "min": 0.004590859919999999,
            "max": 0.0048361683200000005,
            "count": 2
        },
        "MyBehavior.Policy.Beta.sum": {
            "value": 0.009181719839999998,
            "min": 0.0048361683200000005,
            "max": 0.009181719839999998,
            "count": 2
        },
        "MyBehavior.IsTraining.mean": {
            "value": 1.0,
            "min": 1.0,
            "max": 1.0,
            "count": 2
        },
        "MyBehavior.IsTraining.sum": {
            "value": 1.0,
            "min": 1.0,
            "max": 1.0,
            "count": 2
        }
    },
    "metadata": {
        "timer_format_version": "0.1.0",
        "start_time_seconds": "1617273147",
        "python_version": "3.7.9 (default, Aug 31 2020, 17:10:11) [MSC v.1916 64 bit (AMD64)]",
        "command_line_arguments": "C:\\Users\\Kristian\\.conda\\envs\\ml\\Scripts\\mlagents-learn config.yaml",
        "mlagents_version": "0.25.0",
        "mlagents_envs_version": "0.25.0",
        "communication_protocol_version": "1.5.0",
        "pytorch_version": "1.7.1",
        "numpy_version": "1.18.5",
        "end_time_seconds": "1617273427"
    },
    "total": 280.1462837,
    "count": 1,
    "self": 0.0101743000000738,
    "children": {
        "run_training.setup": {
            "total": 0.21362649999999994,
            "count": 1,
            "self": 0.21362649999999994
        },
        "TrainerController.start_learning": {
            "total": 279.9224829,
            "count": 1,
            "self": 1.1450311000005513,
            "children": {
                "TrainerController._reset_env": {
                    "total": 3.7384313999999996,
                    "count": 1,
                    "self": 3.7384313999999996
                },
                "TrainerController.advance": {
                    "total": 274.6781929999994,
                    "count": 3500,
                    "self": 0.05338479999983292,
                    "children": {
                        "env_step": {
                            "total": 274.62480819999956,
                            "count": 3500,
                            "self": 253.67415109999945,
                            "children": {
                                "SubprocessEnvManager._take_step": {
                                    "total": 20.875894500000147,
                                    "count": 3500,
                                    "self": 0.20132530000064008,
                                    "children": {
                                        "TorchPolicy.evaluate": {
                                            "total": 20.674569199999507,
                                            "count": 2086,
                                            "self": 4.757508899999488,
                                            "children": {
                                                "TorchPolicy.sample_actions": {
                                                    "total": 15.917060300000019,
                                                    "count": 2086,
                                                    "self": 15.917060300000019
                                                }
                                            }
                                        }
                                    }
                                },
                                "workers": {
                                    "total": 0.0747625999999526,
                                    "count": 3499,
                                    "self": 0.0,
                                    "children": {
                                        "worker_root": {
                                            "total": 276.01419939999903,
                                            "count": 3499,
                                            "is_parallel": true,
                                            "self": 57.38632390000021,
                                            "children": {
                                                "steps_from_proto": {
                                                    "total": 0.014808699999999675,
                                                    "count": 1,