{
    "name": "root",
    "gauges": {
        "MyBehavior.Policy.Entropy.mean": {
            "value": -0.13237902522087097,
            "min": -0.13237902522087097,
            "max": -0.13237902522087097,
            "count": 1
        },
        "MyBehavior.Policy.Entropy.sum": {
            "value": -1328.0263671875,
            "min": -1328.0263671875,
            "max": -1328.0263671875,
            "count": 1
        },
        "MyBehavior.Environment.EpisodeLength.mean": {
            "value": 17.068592057761734,
            "min": 17.068592057761734,
            "max": 17.068592057761734,
            "count": 1
        },
        "MyBehavior.Environment.EpisodeLength.sum": {
            "value": 9456.0,
            "min": 9456.0,
            "max": 9456.0,
            "count": 1
        },
        "MyBehavior.Policy.ExtrinsicValueEstimate.mean": {
            "value": 1.481201410293579,
            "min": 1.481201410293579,
            "max": 1.481201410293579,
            "count": 1
        },
        "MyBehavior.Policy.ExtrinsicValueEstimate.sum": {
            "value": 819.1043701171875,
            "min": 819.1043701171875,
            "max": 819.1043701171875,
            "count": 1
        },
        "MyBehavior.Environment.CumulativeReward.mean": {
            "value": 0.7589525153884028,
            "min": 0.7589525153884028,
            "max": 0.7589525153884028,
            "count": 1
        },
        "MyBehavior.Environment.CumulativeReward.sum": {
            "value": 419.7007410097867,
            "min": 419.7007410097867,
            "max": 419.7007410097867,
            "count": 1
        },
        "MyBehavior.Policy.ExtrinsicReward.mean": {
            "value": 0.7589525153884028,
            "min": 0.7589525153884028,
            "max": 0.7589525153884028,
            "count": 1
        },
        "MyBehavior.Policy.ExtrinsicReward.sum": {
            "value": 419.7007410097867,
            "min": 419.7007410097867,
            "max": 419.7007410097867,
            "count": 1
        },
        "MyBehavior.IsTraining.mean": {
            "value": 1.0,
            "min": 1.0,
            "max": 1.0,
            "count": 1
        },
        "MyBehavior.IsTraining.sum": {
            "value": 1.0,
            "min": 1.0,
            "max": 1.0,
            "count": 1
        }
    },
    "metadata": {
        "timer_format_version": "0.1.0",
        "start_time_seconds": "1617200748",
        "python_version": "3.7.9 (default, Aug 31 2020, 17:10:11) [MSC v.1916 64 bit (AMD64)]",
        "command_line_arguments": "C:\\Users\\Kristian\\.conda\\envs\\ml\\Scripts\\mlagents-learn config.yaml",
        "mlagents_version": "0.25.0",
        "mlagents_envs_version": "0.25.0",
        "communication_protocol_version": "1.5.0",
        "pytorch_version": "1.7.1",
        "numpy_version": "1.18.5",
        "end_time_seconds": "1617200861"
    },
    "total": 112.7506108,
    "count": 1,
    "self": 0.009754299999997329,
    "children": {
        "run_training.setup": {
            "total": 0.22161850000000016,
            "count": 1,
            "self": 0.22161850000000016
        },
        "TrainerController.start_learning": {
            "total": 112.519238,
            "count": 1,
            "self": 0.1307414999997576,
            "children": {
                "TrainerController._reset_env": {
                    "total": 3.7798538000000006,
                    "count": 1,
                    "self": 3.7798538000000006
                },
                "TrainerController.advance": {
                    "total": 108.42465790000024,
                    "count": 3933,
                    "self": 0.05843940000038117,
                    "children": {
                        "env_step": {
                            "total": 108.36621849999986,
                            "count": 3933,
                            "self": 94.52946949999951,
                            "children": {
                                "SubprocessEnvManager._take_step": {
                                    "total": 13.755562000000051,
                                    "count": 3933,
                                    "self": 0.24556530000016252,
                                    "children": {
                                        "TorchPolicy.evaluate": {
                                            "total": 13.509996699999888,
                                            "count": 3114,
                                            "self": 3.580124700000038,
                                            "children": {
                                                "TorchPolicy.sample_actions": {
                                                    "total": 9.92987199999985,
                                                    "count": 3114,
                                                    "self": 9.92987199999985
                                                }
                                            }
                                        }
                                    }
                                },
                                "workers": {
                                    "total": 0.0811870000003001,
                                    "count": 3932,
                                    "self": 0.0,
                                    "children": {
                                        "worker_root": {
                                            "total": 109.91119570000032,
                                            "count": 3932,
                                            "is_parallel": true,
                                            "self": 29.949954500000075,
                                            "children": {
                                                "steps_from_proto": {
                                                    "total": 0.012629700000000188,
                                                    "count": 1,
                                                    "is_parallel": true,
                                                    "self": 0.00011630000000018015,
                                                    "children": {
                                                        "_process_maybe_compressed_observation": {
                                                            "total": 0.01242069999999984,
                                                            "count": 2,
                                                            "is_parallel": true,
                                                            "self": 0.00010930000000053397,
                                                            "children": {
                                                                "_observation_to_np_array": {
                                                                    "total": 0.012311399999999306,
                                                                    "count": 6,
                                                                    "is_parallel": true,
                                                                    "self": 9.889999999979082e-05,
                                                                    "children": {
                                                                        "process_pixels": {
                                                                            "total": 0.012212499999999515,
                                                                            "count": 6,
                                                                            "is_parallel": true,
                                                                            "self": 0.0003972999999999338,