{
    "name": "root",
    "metadata": {
        "timer_format_version": "0.1.0",
        "start_time_seconds": "1616078503",
        "python_version": "3.7.9 (default, Aug 31 2020, 17:10:11) [MSC v.1916 64 bit (AMD64)]",
        "command_line_arguments": "C:\\Users\\Kristian\\.conda\\envs\\ml\\Scripts\\mlagents-learn .\\Assets\\config.yaml --force",
        "mlagents_version": "0.25.0",
        "mlagents_envs_version": "0.25.0",
        "communication_protocol_version": "1.5.0",
        "pytorch_version": "1.7.1",
        "numpy_version": "1.18.5",
        "end_time_seconds": "1616078553"
    },
    "total": 49.9258103,
    "count": 1,
    "self": 0.006042200000003106,
    "children": {
        "run_training.setup": {
            "total": 0.03434720000000002,
            "count": 1,
            "self": 0.03434720000000002
        },
        "TrainerController.start_learning": {
            "total": 49.8854209,
            "count": 1,
            "self": 0.031547499999931006,
            "children": {
                "TrainerController._reset_env": {
                    "total": 20.337633099999998,
                    "count": 1,
                    "self": 20.337633099999998
                },
                "TrainerController.advance": {
                    "total": 29.354384800000062,
                    "count": 568,
                    "self": 0.008491100000007634,
                    "children": {
                        "env_step": {
                            "total": 29.345893700000055,
                            "count": 568,
                            "self": 26.47097039999994,
                            "children": {
                                "SubprocessEnvManager._take_step": {
                                    "total": 2.864298100000056,
                                    "count": 568,
                                    "self": 0.03874660000001029,
                                    "children": {
                                        "TorchPolicy.evaluate": {
                                            "total": 2.8255515000000457,
                                            "count": 528,
                                            "self": 0.43668720000008676,
                                            "children": {
                                                "TorchPolicy.sample_actions": {
                                                    "total": 2.388864299999959,
                                                    "count": 528,
                                                    "self": 2.388864299999959
                                                }
                                            }
                                        }
                                    }
                                },
                                "workers": {
                                    "total": 0.010625200000060175,
                                    "count": 567,
                                    "self": 0.0,
                                    "children": {
                                        "worker_root": {
                                            "total": 30.984843800000156,
                                            "count": 567,
                                            "is_parallel": true,
                                            "self": 5.365710100000083,
                                            "children": {
                                                "steps_from_proto": {
                                                    "total": 0.01612439999999893,
                                                    "count": 1,
                                                    "is_parallel": true,
                                                    "self": 0.00017420000000001323,
                                                    "children": {
                                                        "_process_maybe_compressed_observation": {
                                                            "total": 0.015732399999997426,
                                                            "count": 4,
                                                            "is_parallel": true,
                                                            "self": 0.0001586999999965144,
                                                            "children": {
                                                                "_observation_to_np_array": {
                                                                    "total": 0.015573700000000912,
                                                                    "count": 8,
                                                                    "is_parallel": true,
                                                                    "self": 0.0001563000000039949,
                                                                    "children": {
                                                                        "process_pixels": {
                                                                            "total": 0.015417399999996917,
                                                                            "count": 8,
                                                                            "is_parallel": true,
                                                                            "self": 0.002214999999985423,
                                                                            "children": {
                                                                                "image_decompress": {
                                                                                    "total": 0.013202400000011494,
                                                                                    "count": 24,
                                                                                    "is_parallel": true,
                                                                                    "self": 0.013202400000011494
                                                                                }
                                                                            }
                                                                        }
                                                                    }
                                                                }
                                                            }
                                                        },
                                                        "_process_rank_one_or_two_observation": {
                                                            "total": 0.00021780000000148902,
                                                            "count": 2,
                                                            "is_parallel": true,
                                                            "self": 0.00021780000000148902
                                                        }
                                                    }
                                                },
                                                "UnityEnvironment.step": {
                                                    "total": 25.603009300000075,
                                                    "count": 567,
                                                    "is_parallel": true,
                                                    "self": 0.09933580000011588,
                                                    "children": {
                                                        "UnityEnvironment._generate_step_input": {
                                                            "total": 0.08533809999997288,
                                                            "count": 567,
                                                            "is_parallel": true,