{"count":1,"self":79.7694336,"total":159.27743769999998,"children":{"InitializeActuators":{"count":21,"self":0.0545721,"total":0.0545721,"children":null},"InitializeSensors":{"count":21,"self":0.0019998,"total":0.0019998,"children":null},"AgentSendState":{"count":21355,"self":0.31890219999999997,"total":19.1089318,"children":{"GridSensor.Update":{"count":44856,"self":0.1503205,"total":8.5032145,"children":{"GridSensor.Perceive":{"count":44856,"self":8.3528944,"total":8.352894,"children":null}}},"CollectObservations":{"count":22428,"self":0.0672323,"total":0.0672323,"children":null},"WriteActionMask":{"count":22428,"self":0.0493025,"total":0.0493025,"children":null},"RequestDecision":{"count":22428,"self":0.1543897,"total":10.1702803,"children":{"AgentInfo.ToProto":{"count":22428,"self":0.0990596,"total":10.015890599999999,"children":{"GenerateSensorData":{"count":22428,"self":0.39524889999999996,"total":9.916831,"children":{"GridSensor.GetCompressedObservation":{"count":44856,"self":2.031859,"total":9.5215821,"children":{"GridSensor.Perceive":{"count":44856,"self":7.4897231999999994,"total":7.4897231,"children":null}}}}}}}}}}},"DecideAction":{"count":21355,"self":34.714512,"total":34.714513499999995,"children":null},"AgentAct":{"count":21355,"self":1.8202795999999999,"total":2.0522849,"children":{"AgentInfo.ToProto":{"count":353,"self":0.0049987999999999994,"total":0.2320053,"children":{"GenerateSensorData":{"count":353,"self":0.0090196,"total":0.2270065,"children":{"GridSensor.GetCompressedObservation":{"count":706,"self":0.0762931,"total":0.21798689999999998,"children":{"GridSensor.Perceive":{"count":706,"self":0.14169379999999998,"total":0.14169379999999998,"children":null}}}}}}}}},"AgentInfo.ToProto":{"count":1053,"self":0.0090940999999999991,"total":0.7732004,"children":{"GenerateSensorData":{"count":1053,"self":0.0321074,"total":0.7641063,"children":{"GridSensor.GetCompressedObservation":{"count":2106,"self":0.2769587,"total":0.7319989,"children":{"GridSensor.Perceive":{"count":2106,"self":0.4550402,"total":0.4550402,"children":null}}}}}}},"GridSensor.Perceive":{"count":156124,"self":22.8005008,"total":22.8005012,"children":null}},"gauges":{"My Behavior.CumulativeReward":{"count":1406,"max":13.038847,"min":-0.03626667,"runningAverage":3.55801558,"value":1.96253335,"weightedAverage":3.062009}},"metadata":{"timer_format_version":"0.1.0","start_time_seconds":"1616628248","unity_version":"2021.1.0f1","command_line_arguments":"C:\\Program Files\\Unity\\Hub\\Editor\\2021.1.0f1\\Editor\\Unity.exe -projectpath C:\/Code\/Projects\/unity-ai-foundation -useHub -hubIPC -cloudEnvironment production -hubSessionId c71e1a60-8695-11eb-9303-1b48d732c61e -accessToken pWMiC-iztiwOjVcYE_69rRRkY4DlY3rKw5HTmMcZw8Y005f","communication_protocol_version":"1.5.0","com.unity.ml-agents_version":"1.9.0-preview","scene_name":"Scene","end_time_seconds":"1616628407"}}