{"count":1,"self":431.07348479999996,"total":438.90901199999996,"children":{"InitializeActuators":{"count":4,"self":0.039998599999999995,"total":0.039998599999999995,"children":null},"InitializeSensors":{"count":4,"self":0.0060017,"total":0.0060017,"children":null},"AgentSendState":{"count":16615,"self":0.1252438,"total":7.2888870999999993,"children":{"CollectObservations":{"count":3324,"self":0.0109797,"total":0.0109797,"children":null},"WriteActionMask":{"count":3324,"self":0.0114979,"total":0.0114979,"children":null},"RequestDecision":{"count":3324,"self":0.094125,"total":7.1411656999999993,"children":{"CameraSensor.GetCompressedObservation":{"count":6648,"self":7.0470407999999995,"total":7.0470406999999993,"children":null}}}}},"DecideAction":{"count":16615,"self":0.20326439999999998,"total":0.20326439999999998,"children":null},"AgentAct":{"count":16615,"self":0.1614189,"total":0.2963883,"children":{"CameraSensor.GetCompressedObservation":{"count":128,"self":0.1349694,"total":0.1349694,"children":null}}}},"gauges":{"My Behavior.CumulativeReward":{"count":64,"max":0.827211142,"min":-0.196086258,"runningAverage":0.03587133,"value":-0.0942116454,"weightedAverage":-0.0615197942}},"metadata":{"timer_format_version":"0.1.0","start_time_seconds":"1616081454","unity_version":"2020.3.0f1","command_line_arguments":"C:\\Program Files\\Unity\\Hub\\Editor\\2020.3.0f1\\Editor\\Unity.exe -projectpath C:\/Code\/Projects\/unity-ai-foundation -useHub -hubIPC -cloudEnvironment production -hubSessionId c71e1a60-8695-11eb-9303-1b48d732c61e -accessToken 7152CpXogxVAzIFT6scAvTJ2SnDErmaF0jneIWb0890005f","communication_protocol_version":"1.5.0","com.unity.ml-agents_version":"1.9.0-preview","scene_name":"Scene","end_time_seconds":"1616081893"}}