{"count":1,"self":22.033414399999998,"total":32.4510655,"children":{"InitializeActuators":{"count":15,"self":0.0499863,"total":0.0499863,"children":null},"InitializeSensors":{"count":15,"self":0.0010000999999999999,"total":0.0010000999999999999,"children":null},"AgentSendState":{"count":34008,"self":0.1420969,"total":9.5032122,"children":{"GridSensor.Update":{"count":51030,"self":0.0535615,"total":4.6579124,"children":{"GridSensor.Perceive":{"count":51030,"self":4.6043508,"total":4.6043509,"children":null}}},"CollectObservations":{"count":25515,"self":0.0222737,"total":0.0222737,"children":null},"WriteActionMask":{"count":25515,"self":0.014425499999999999,"total":0.014425499999999999,"children":null},"RequestDecision":{"count":25515,"self":0.058446,"total":4.6665037,"children":{"GridSensor.GetCompressedObservation":{"count":51030,"self":0.5146337,"total":4.6080577,"children":{"GridSensor.Perceive":{"count":51030,"self":4.093424,"total":4.093424,"children":null}}}}}}},"DecideAction":{"count":34008,"self":0.4560807,"total":0.4560807,"children":null},"AgentAct":{"count":34008,"self":0.27052139999999997,"total":0.3961494,"children":{"GridSensor.GetCompressedObservation":{"count":1342,"self":0.009992,"total":0.125628,"children":{"GridSensor.Perceive":{"count":1342,"self":0.11563599999999999,"total":0.11563599999999999,"children":null}}}}},"GridSensor.GetCompressedObservation":{"count":48,"self":0.00099969999999999985,"total":0.0072226999999999994,"children":{"GridSensor.Perceive":{"count":48,"self":0.0062229999999999994,"total":0.0062229999999999994,"children":null}}}},"gauges":{"My Behavior.CumulativeReward":{"count":695,"max":4.19403553,"min":-0.0508000068,"runningAverage":0.0719920546,"value":-0.03490152,"weightedAverage":-0.0349288657}},"metadata":{"timer_format_version":"0.1.0","start_time_seconds":"1616788728","unity_version":"2021.1.0f1","command_line_arguments":"C:\\Program Files\\Unity\\Hub\\Editor\\2021.1.0f1\\Editor\\Unity.exe -projectpath C:\/Users\/amkle\/Documents\/Unity\/unity-ai-foundation -useHub -hubIPC -cloudEnvironment production -hubSessionId ffcc8280-8c2a-11eb-9322-4799f294a78a -accessToken sNNiwzsX6AsnDehKjPmNntxT3k7oZaS13z_XFcEulHE005f","communication_protocol_version":"1.5.0","com.unity.ml-agents_version":"1.9.0-preview","scene_name":"Scene","end_time_seconds":"1616788761"}}