{"count":1,"self":17.960852799999998,"total":34.299167499999996,"children":{"InitializeActuators":{"count":6,"self":0.041001499999999996,"total":0.041001499999999996,"children":null},"InitializeSensors":{"count":6,"self":0.0089994,"total":0.0089994,"children":null},"AgentSendState":{"count":8901,"self":0.056055499999999994,"total":6.0646318,"children":{"CollectObservations":{"count":2676,"self":0.011531099999999999,"total":0.011531099999999999,"children":null},"WriteActionMask":{"count":2676,"self":0.0080174,"total":0.0080174,"children":null},"RequestDecision":{"count":2676,"self":0.0306231,"total":5.9890278,"children":{"AgentInfo.ToProto":{"count":2676,"self":0.040517,"total":5.9584047,"children":{"GenerateSensorData":{"count":2676,"self":0.1819643,"total":5.9178877,"children":{"CameraSensor.GetCompressedObservation":{"count":5352,"self":5.7359231999999993,"total":5.7359234,"children":null}}}}}}}}},"DecideAction":{"count":8901,"self":9.8757696,"total":9.8757697,"children":null},"AgentAct":{"count":8901,"self":0.21642319999999998,"total":0.34091309999999997,"children":{"AgentInfo.ToProto":{"count":47,"self":0.0010012,"total":0.1244899,"children":{"GenerateSensorData":{"count":47,"self":0.0009994,"total":0.12348869999999999,"children":{"CameraSensor.GetCompressedObservation":{"count":94,"self":0.1224893,"total":0.1224893,"children":null}}}}}}},"AgentInfo.ToProto":{"count":2,"self":0,"total":0.0060012999999999993,"children":{"GenerateSensorData":{"count":2,"self":0,"total":0.0060012999999999993,"children":{"CameraSensor.GetCompressedObservation":{"count":4,"self":0.0060012999999999993,"total":0.0060012999999999993,"children":null}}}}}},"gauges":{"My Behavior.CumulativeReward":{"count":49,"max":1.80043709,"min":-1.4545821,"runningAverage":0.287162155,"value":0.739684165,"weightedAverage":0.6628383}},"metadata":{"timer_format_version":"0.1.0","start_time_seconds":"1616084192","unity_version":"2020.3.0f1","command_line_arguments":"C:\\Program Files\\Unity\\Hub\\Editor\\2020.3.0f1\\Editor\\Unity.exe -projectpath C:\/Code\/Projects\/unity-ai-foundation -useHub -hubIPC -cloudEnvironment production -hubSessionId c71e1a60-8695-11eb-9303-1b48d732c61e -accessToken 7152CpXogxVAzIFT6scAvTJ2SnDErmaF0jneIWb0890005f","communication_protocol_version":"1.5.0","com.unity.ml-agents_version":"1.9.0-preview","scene_name":"Scene","end_time_seconds":"1616084226"}}