{"count":1,"self":318.8385536,"total":627.8905403,"children":{"InitializeActuators":{"count":18,"self":0.0400007,"total":0.0400007,"children":null},"InitializeSensors":{"count":18,"self":0.0010000999999999999,"total":0.0010000999999999999,"children":null},"AgentSendState":{"count":162867,"self":1.3302275,"total":78.989764499999993,"children":{"GridSensor.Update":{"count":146592,"self":0.3410147,"total":37.3318143,"children":{"GridSensor.Perceive":{"count":146592,"self":36.9908,"total":36.990799599999995,"children":null}}},"CollectObservations":{"count":146592,"self":0.21828799999999998,"total":0.21828799999999998,"children":null},"WriteActionMask":{"count":146592,"self":0.1586243,"total":0.1586243,"children":null},"RequestDecision":{"count":146592,"self":0.5940536,"total":39.9508104,"children":{"AgentInfo.ToProto":{"count":146592,"self":0.4556884,"total":39.3567568,"children":{"GenerateSensorData":{"count":146592,"self":1.1232562,"total":38.9010684,"children":{"GridSensor.GetCompressedObservation":{"count":146592,"self":3.50655,"total":37.7778122,"children":{"GridSensor.Perceive":{"count":146592,"self":34.2712608,"total":34.2712623,"children":null}}}}}}}}}}},"DecideAction":{"count":162867,"self":212.5225216,"total":212.52252349999998,"children":null},"AgentAct":{"count":162867,"self":7.1630895999999993,"total":7.4148454,"children":{"AgentInfo.ToProto":{"count":694,"self":0.0085177,"total":0.25175559999999997,"children":{"GenerateSensorData":{"count":694,"self":0.0131119,"total":0.24323789999999998,"children":{"GridSensor.GetCompressedObservation":{"count":694,"self":0.0421675,"total":0.230126,"children":{"GridSensor.Perceive":{"count":694,"self":0.1879585,"total":0.1879585,"children":null}}}}}}}}},"AgentInfo.ToProto":{"count":2214,"self":0.0100386,"total":0.8072214,"children":{"GenerateSensorData":{"count":2214,"self":0.0536308,"total":0.7971828,"children":{"GridSensor.GetCompressedObservation":{"count":2214,"self":0.1552556,"total":0.743552,"children":{"GridSensor.Perceive":{"count":2214,"self":0.58829639999999994,"total":0.58829639999999994,"children":null}}}}}}},"GridSensor.Perceive":{"count":47028,"self":9.27564,"total":9.2756396,"children":null}},"gauges":{"My Behavior.CumulativeReward":{"count":2908,"max":5.906809,"min":-6.944932,"runningAverage":2.967989,"value":5.81411028,"weightedAverage":4.589799}},"metadata":{"timer_format_version":"0.1.0","start_time_seconds":"1617179273","unity_version":"2021.1.0f1","command_line_arguments":"C:\\Program Files\\Unity\\Hub\\Editor\\2021.1.0f1\\Editor\\Unity.exe -projectpath C:\/Code\/Projects\/unity-ai-foundation -useHub -hubIPC -cloudEnvironment production -hubSessionId b51b2150-9199-11eb-871b-f1cd3a405a9a -accessToken zO88X7IVdi5JXkAgWuK0YLipZBW8NoZFqL12kAeYLf8005f","communication_protocol_version":"1.5.0","com.unity.ml-agents_version":"1.9.0-preview","scene_name":"Scene","end_time_seconds":"1617179900"}}