{"count":1,"self":92.361088,"total":92.6167433,"children":{"InitializeActuators":{"count":1,"self":0.040999799999999996,"total":0.040999799999999996,"children":null},"InitializeSensors":{"count":1,"self":0.0010012,"total":0.0010012,"children":null},"AgentSendState":{"count":4382,"self":0.0296008,"total":0.1392688,"children":{"CollectObservations":{"count":220,"self":0.0010004999999999999,"total":0.0010004999999999999,"children":null},"WriteActionMask":{"count":220,"self":0.0010146999999999999,"total":0.0010146999999999999,"children":null},"RequestDecision":{"count":220,"self":0.10765279999999999,"total":0.10765279999999999,"children":null}}},"DecideAction":{"count":4382,"self":0.046742399999999996,"total":0.046742399999999996,"children":null},"AgentAct":{"count":4382,"self":0.0276422,"total":0.0276422,"children":null}},"gauges":{},"metadata":{"timer_format_version":"0.1.0","start_time_seconds":"1615390494","unity_version":"2020.2.7f1","command_line_arguments":"C:\\Program Files\\Unity\\Hub\\Editor\\2020.2.7f1\\Editor\\Unity.exe -projectpath C:\/Code\/Projects\/unity-ai-foundation -useHub -hubIPC -cloudEnvironment production -hubSessionId 50ef47d0-818e-11eb-be98-636dbf148f4c -accessToken eK6qNBvx7at95M3ShzLaX7N4yhIIJhYR3XqDdcWSipE005f","communication_protocol_version":"1.4.0","com.unity.ml-agents_version":"1.8.1-preview","scene_name":"Scene","end_time_seconds":"1615390586"}}