{"count":1,"self":30502.83008,"total":45711.0373067,"children":{"InitializeActuators":{"count":32,"self":0.0891448,"total":0.0891448,"children":null},"InitializeSensors":{"count":32,"self":0.0030003,"total":0.0030003,"children":null},"AgentSendState":{"count":4089807,"self":72.8914624,"total":7536.3151265999995,"children":{"GridSensor.Update":{"count":13087424,"self":28.676175999999998,"total":3764.4728284999997,"children":{"GridSensor.Perceive":{"count":13087424,"self":3735.7965311999997,"total":3735.7966538,"children":null}}},"CollectObservations":{"count":6543712,"self":13.5996384,"total":13.5996378,"children":null},"WriteActionMask":{"count":6543712,"self":11.219871999999999,"total":11.219872299999999,"children":null},"RequestDecision":{"count":6543712,"self":30.115971199999997,"total":3674.1313247,"children":{"AgentInfo.ToProto":{"count":6543712,"self":18.8075568,"total":3644.0153542999997,"children":{"GenerateSensorData":{"count":6543712,"self":79.562143999999989,"total":3625.2077974,"children":{"GridSensor.GetCompressedObservation":{"count":13087424,"self":272.16788479999997,"total":3545.6456510999997,"children":{"GridSensor.Perceive":{"count":13087424,"self":3273.4777344,"total":3273.477763,"children":null}}}}}}}}}}},"DecideAction":{"count":4089807,"self":6889.2549119999994,"total":6889.2550145999994,"children":null},"AgentAct":{"count":4089807,"self":623.7912064,"total":626.8765071,"children":{"AgentInfo.ToProto":{"count":3373,"self":0.0385506,"total":3.0852816,"children":{"GenerateSensorData":{"count":3373,"self":0.10724489999999999,"total":3.046731,"children":{"GridSensor.GetCompressedObservation":{"count":6746,"self":0.3643064,"total":2.9394861,"children":{"GridSensor.Perceive":{"count":6746,"self":2.5751796,"total":2.5751797,"children":null}}}}}}}}},"AgentInfo.ToProto":{"count":189446,"self":1.5474312,"total":155.6677796,"children":{"GenerateSensorData":{"count":189446,"self":5.241436,"total":154.12034839999998,"children":{"GridSensor.GetCompressedObservation":{"count":378892,"self":18.6263664,"total":148.8789126,"children":{"GridSensor.Perceive":{"count":378892,"self":130.252544,"total":130.2525466,"children":null}}}}}}}},"gauges":{"My Behavior.CumulativeReward":{"count":192819,"max":29.21621,"min":-1.69800174,"runningAverage":13.3478289,"value":16.9763,"weightedAverage":13.7462406}},"metadata":{"timer_format_version":"0.1.0","start_time_seconds":"1616967362","unity_version":"2021.1.0f1","command_line_arguments":"C:\\Program Files\\Unity\\Hub\\Editor\\2021.1.0f1\\Editor\\Unity.exe -projectpath C:\/Code\/Projects\/unity-ai-foundation -useHub -hubIPC -cloudEnvironment production -hubSessionId d657cb80-8dbf-11eb-a844-591f0c36222f -accessToken qdCzjRBzoXn42xhmcH8wdYeTBX0QEm09dlfnmDCC3gE005f","communication_protocol_version":"1.5.0","com.unity.ml-agents_version":"1.9.0-preview","scene_name":"Scene","end_time_seconds":"1617013072"}}