{"count":1,"self":2013.0732031999999,"total":3375.2837055,"children":{"InitializeActuators":{"count":6,"self":0.0329948,"total":0.0329948,"children":null},"InitializeSensors":{"count":6,"self":0.0020001,"total":0.0020001,"children":null},"AgentSendState":{"count":1667434,"self":7.2849319999999995,"total":265.9847728,"children":{"GridSensor.Update":{"count":500232,"self":1.2405036,"total":121.3462689,"children":{"GridSensor.Perceive":{"count":500232,"self":120.1057664,"total":120.1057653,"children":null}}},"CollectObservations":{"count":500232,"self":0.8574731,"total":0.8574731,"children":null},"WriteActionMask":{"count":500232,"self":0.4868691,"total":0.4868691,"children":null},"RequestDecision":{"count":500232,"self":2.3848068,"total":136.00922939999998,"children":{"AgentInfo.ToProto":{"count":500232,"self":1.7756296,"total":133.62442249999998,"children":{"GenerateSensorData":{"count":500232,"self":4.9221395999999995,"total":131.8487929,"children":{"GridSensor.GetCompressedObservation":{"count":500232,"self":14.843150399999999,"total":126.92665339999999,"children":{"GridSensor.Perceive":{"count":500232,"self":112.0835072,"total":112.0835025,"children":null}}}}}}}}}}},"DecideAction":{"count":1667434,"self":1064.3515392,"total":1064.3515851,"children":null},"AgentAct":{"count":1667434,"self":28.9594272,"total":29.1924587,"children":{"AgentInfo.ToProto":{"count":628,"self":0.0019997,"total":0.2330321,"children":{"GenerateSensorData":{"count":628,"self":0.0100358,"total":0.2310324,"children":{"GridSensor.GetCompressedObservation":{"count":628,"self":0.0410684,"total":0.2209966,"children":{"GridSensor.Perceive":{"count":628,"self":0.17992819999999998,"total":0.17992819999999998,"children":null}}}}}}}}},"AgentInfo.ToProto":{"count":7261,"self":0.0521007,"total":2.6456518,"children":{"GenerateSensorData":{"count":7261,"self":0.1615235,"total":2.5935511,"children":{"GridSensor.GetCompressedObservation":{"count":7261,"self":0.5411479,"total":2.4320276,"children":{"GridSensor.Perceive":{"count":7261,"self":1.8908795999999999,"total":1.8908797,"children":null}}}}}}}},"gauges":{"My Behavior.CumulativeReward":{"count":7889,"max":9.894351,"min":-4.56429625,"runningAverage":4.21549225,"value":1.33013988,"weightedAverage":4.331136}},"metadata":{"timer_format_version":"0.1.0","start_time_seconds":"1617203116","unity_version":"2021.1.0f1","command_line_arguments":"C:\\Program Files\\Unity\\Hub\\Editor\\2021.1.0f1\\Editor\\Unity.exe -projectpath C:\/Code\/Projects\/unity-ai-foundation -useHub -hubIPC -cloudEnvironment production -hubSessionId b51b2150-9199-11eb-871b-f1cd3a405a9a -accessToken klLlKeBtuaFr5ZxI3DwHOHPf1xRfjo6K3xAw9l60Azw005f","communication_protocol_version":"1.5.0","com.unity.ml-agents_version":"1.9.0-preview","scene_name":"Training","end_time_seconds":"1617206491"}}