{
    "name": "root",
    "metadata": {
        "timer_format_version": "0.1.0",
        "start_time_seconds": "1616796987",
        "python_version": "3.7.9 (default, Aug 31 2020, 17:10:11) [MSC v.1916 64 bit (AMD64)]",
        "command_line_arguments": "C:\\Users\\Kristian\\.conda\\envs\\ml\\Scripts\\mlagents-learn config.yaml",
        "mlagents_version": "0.25.0",
        "mlagents_envs_version": "0.25.0",
        "communication_protocol_version": "1.5.0",
        "pytorch_version": "1.7.1",
        "numpy_version": "1.18.5",
        "end_time_seconds": "1616797058"
    },
    "total": 71.13782350000001,
    "count": 1,
    "self": 0.004429100000010067,
    "children": {
        "run_training.setup": {
            "total": 0.17905300000000013,
            "count": 1,
            "self": 0.17905300000000013
        },
        "TrainerController.start_learning": {
            "total": 70.9543414,
            "count": 1,
            "self": 0.03695599999997512,
            "children": {
                "TrainerController._reset_env": {
                    "total": 4.656792599999999,
                    "count": 1,
                    "self": 4.656792599999999
                },
                "TrainerController.advance": {
                    "total": 66.12531010000004,
                    "count": 890,
                    "self": 0.014663700000198787,
                    "children": {
                        "env_step": {
                            "total": 66.11064639999984,
                            "count": 890,
                            "self": 58.56779459999956,
                            "children": {
                                "SubprocessEnvManager._take_step": {
                                    "total": 7.523852000000092,
                                    "count": 890,
                                    "self": 0.05879630000008618,
                                    "children": {
                                        "TorchPolicy.evaluate": {
                                            "total": 7.465055700000006,
                                            "count": 662,
                                            "self": 1.2287644000001228,
                                            "children": {
                                                "TorchPolicy.sample_actions": {
                                                    "total": 6.236291299999883,
                                                    "count": 662,
                                                    "self": 6.236291299999883
                                                }
                                            }
                                        }
                                    }
                                },
                                "workers": {
                                    "total": 0.01899980000018342,
                                    "count": 889,
                                    "self": 0.0,
                                    "children": {
                                        "worker_root": {
                                            "total": 67.49740480000007,
                                            "count": 889,
                                            "is_parallel": true,
                                            "self": 11.400738900000107,
                                            "children": {
                                                "steps_from_proto": {
                                                    "total": 0.016718999999999706,
                                                    "count": 1,
                                                    "is_parallel": true,
                                                    "self": 0.0002301999999994031,
                                                    "children": {
                                                        "_process_maybe_compressed_observation": {
                                                            "total": 0.01618900000000023,
                                                            "count": 2,
                                                            "is_parallel": true,
                                                            "self": 0.0002853000000011541,
                                                            "children": {
                                                                "_observation_to_np_array": {
                                                                    "total": 0.015903699999999077,
                                                                    "count": 32,
                                                                    "is_parallel": true,
                                                                    "self": 0.0003622999999994825,
                                                                    "children": {
                                                                        "process_pixels": {
                                                                            "total": 0.015541399999999594,
                                                                            "count": 32,
                                                                            "is_parallel": true,
                                                                            "self": 0.0013586999999990468,
                                                                            "children": {
                                                                                "image_decompress": {
                                                                                    "total": 0.014182700000000548,
                                                                                    "count": 32,
                                                                                    "is_parallel": true,
                                                                                    "self": 0.014182700000000548
                                                                                }
                                                                            }
                                                                        }
                                                                    }
                                                                }
                                                            }
                                                        },
                                                        "_process_rank_one_or_two_observation": {
                                                            "total": 0.00029980000000007223,
                                                            "count": 2,
                                                            "is_parallel": true,
                                                            "self": 0.00029980000000007223
                                                        }
                                                    }
                                                },
                                                "UnityEnvironment.step": {
                                                    "total": 56.07994689999996,
                                                    "count": 889,
                                                    "is_parallel": true,
                                                    "self": 0.23781659999999505,
                                                    "children": {
                                                        "UnityEnvironment._generate_step_input": {
                                                            "total": 0.3436992999999733,
                                                            "count": 889,
                                                            "is_parallel": true,