{
    "name": "root",
    "metadata": {
        "timer_format_version": "0.1.0",
        "start_time_seconds": "1616529527",
        "python_version": "3.7.9 (default, Aug 31 2020, 17:10:11) [MSC v.1916 64 bit (AMD64)]",
        "command_line_arguments": "C:\\Users\\Kristian\\.conda\\envs\\ml\\Scripts\\mlagents-learn config.yaml",
        "mlagents_version": "0.25.0",
        "mlagents_envs_version": "0.25.0",
        "communication_protocol_version": "1.5.0",
        "pytorch_version": "1.7.1",
        "numpy_version": "1.18.5",
        "end_time_seconds": "1616529576"
    },
    "total": 49.491205199999996,
    "count": 1,
    "self": 0.02111819999998943,
    "children": {
        "run_training.setup": {
            "total": 0.18380949999999996,
            "count": 1,
            "self": 0.18380949999999996
        },
        "TrainerController.start_learning": {
            "total": 49.286277500000004,
            "count": 1,
            "self": 0.015331299999985504,
            "children": {
                "TrainerController._reset_env": {
                    "total": 23.4059073,
                    "count": 1,
                    "self": 23.4059073
                },
                "TrainerController.advance": {
                    "total": 25.609442400000017,
                    "count": 124,
                    "self": 0.0018270000000377706,
                    "children": {
                        "env_step": {
                            "total": 25.60761539999998,
                            "count": 124,
                            "self": 22.33860129999993,
                            "children": {
                                "SubprocessEnvManager._take_step": {
                                    "total": 3.2668201000000714,
                                    "count": 124,
                                    "self": 0.00895660000011489,
                                    "children": {
                                        "TorchPolicy.evaluate": {
                                            "total": 3.2578634999999565,
                                            "count": 124,
                                            "self": 0.10661849999996775,
                                            "children": {
                                                "TorchPolicy.sample_actions": {
                                                    "total": 3.1512449999999887,
                                                    "count": 124,
                                                    "self": 3.1512449999999887
                                                }
                                            }
                                        }
                                    }
                                },
                                "workers": {
                                    "total": 0.002193999999978047,
                                    "count": 123,
                                    "self": 0.0,
                                    "children": {
                                        "worker_root": {
                                            "total": 27.993592599999985,
                                            "count": 123,
                                            "is_parallel": true,
                                            "self": 5.980942099999989,
                                            "children": {
                                                "steps_from_proto": {
                                                    "total": 0.02772200000000069,
                                                    "count": 1,
                                                    "is_parallel": true,
                                                    "self": 0.00017289999999903216,
                                                    "children": {
                                                        "_process_maybe_compressed_observation": {
                                                            "total": 0.026734100000002314,
                                                            "count": 4,
                                                            "is_parallel": true,
                                                            "self": 0.00015330000000091104,
                                                            "children": {
                                                                "_observation_to_np_array": {
                                                                    "total": 0.026580800000001403,
                                                                    "count": 4,
                                                                    "is_parallel": true,
                                                                    "self": 0.0002896999999997263,
                                                                    "children": {
                                                                        "process_pixels": {
                                                                            "total": 0.026291100000001677,
                                                                            "count": 4,
                                                                            "is_parallel": true,
                                                                            "self": 0.004852899999992388,
                                                                            "children": {
                                                                                "image_decompress": {
                                                                                    "total": 0.02143820000000929,
                                                                                    "count": 12,
                                                                                    "is_parallel": true,
                                                                                    "self": 0.02143820000000929
                                                                                }
                                                                            }
                                                                        }
                                                                    }
                                                                }
                                                            }
                                                        },
                                                        "_process_rank_one_or_two_observation": {
                                                            "total": 0.000814999999999344,
                                                            "count": 2,
                                                            "is_parallel": true,
                                                            "self": 0.000814999999999344
                                                        }
                                                    }
                                                },
                                                "UnityEnvironment.step": {
                                                    "total": 21.984928499999995,
                                                    "count": 123,
                                                    "is_parallel": true,
                                                    "self": 0.017347199999974805,
                                                    "children": {
                                                        "UnityEnvironment._generate_step_input": {
                                                            "total": 0.013523099999947163,
                                                            "count": 123,
                                                            "is_parallel": true,