{
    "name": "root",
    "gauges": {
        "MyBehavior.Policy.Entropy.mean": {
            "value": 2.1122047901153564,
            "min": 2.111785888671875,
            "max": 2.113966464996338,
            "count": 21
        },
        "MyBehavior.Policy.Entropy.sum": {
            "value": 2059.399658203125,
            "min": 696.98681640625,
            "max": 4055.12060546875,
            "count": 21
        },
        "MyBehavior.Policy.ExtrinsicValueEstimate.mean": {
            "value": -0.1716194748878479,
            "min": -0.29361721873283386,
            "max": -0.09311255067586899,
            "count": 21
        },
        "MyBehavior.Policy.ExtrinsicValueEstimate.sum": {
            "value": -3.7756285667419434,
            "min": -5.6965203285217285,
            "max": -2.128621816635132,
            "count": 21
        },
        "MyBehavior.IsTraining.mean": {
            "value": 1.0,
            "min": 1.0,
            "max": 1.0,
            "count": 21
        },
        "MyBehavior.IsTraining.sum": {
            "value": 1.0,
            "min": 1.0,
            "max": 1.0,
            "count": 21
        },
        "MyBehavior.Environment.EpisodeLength.mean": {
            "value": 149.0,
            "min": 148.0,
            "max": 149.0,
            "count": 9
        },
        "MyBehavior.Environment.EpisodeLength.sum": {
            "value": 2235.0,
            "min": 2220.0,
            "max": 2235.0,
            "count": 9
        },
        "MyBehavior.Environment.CumulativeReward.mean": {
            "value": 0.3782643116163937,
            "min": -0.2467950826200346,
            "max": 0.4815961938855859,
            "count": 12
        },
        "MyBehavior.Environment.CumulativeReward.sum": {
            "value": 4.16090742778033,
            "min": -0.7403852478601038,
            "max": 7.223942908283789,
            "count": 12
        },
        "MyBehavior.Policy.ExtrinsicReward.mean": {
            "value": 0.3782643116163937,
            "min": -0.2467950826200346,
            "max": 0.4815961938855859,
            "count": 12
        },
        "MyBehavior.Policy.ExtrinsicReward.sum": {
            "value": 4.16090742778033,
            "min": -0.7403852478601038,
            "max": 7.223942908283789,
            "count": 12
        },
        "MyBehavior.Losses.PolicyLoss.mean": {
            "value": 0.04678733231655011,
            "min": 0.04678733231655011,
            "max": 0.04678733231655011,
            "count": 1
        },
        "MyBehavior.Losses.PolicyLoss.sum": {
            "value": 0.04678733231655011,
            "min": 0.04678733231655011,
            "max": 0.04678733231655011,
            "count": 1
        },
        "MyBehavior.Losses.ValueLoss.mean": {
            "value": 0.011183318120264818,
            "min": 0.011183318120264818,
            "max": 0.011183318120264818,
            "count": 1
        },
        "MyBehavior.Losses.ValueLoss.sum": {
            "value": 0.011183318120264818,
            "min": 0.011183318120264818,
            "max": 0.011183318120264818,
            "count": 1
        },
        "MyBehavior.Policy.LearningRate.mean": {
            "value": 0.00029345700218099996,
            "min": 0.00029345700218099996,
            "max": 0.00029345700218099996,
            "count": 1
        },
        "MyBehavior.Policy.LearningRate.sum": {
            "value": 0.00029345700218099996,
            "min": 0.00029345700218099996,
            "max": 0.00029345700218099996,
            "count": 1
        },
        "MyBehavior.Policy.Epsilon.mean": {
            "value": 0.19781899999999994,
            "min": 0.19781899999999994,
            "max": 0.19781899999999994,
            "count": 1
        },
        "MyBehavior.Policy.Epsilon.sum": {
            "value": 0.19781899999999994,
            "min": 0.19781899999999994,
            "max": 0.19781899999999994,
            "count": 1
        },
        "MyBehavior.Policy.Beta.mean": {
            "value": 0.004891168100000001,
            "min": 0.004891168100000001,
            "max": 0.004891168100000001,
            "count": 1
        },
        "MyBehavior.Policy.Beta.sum": {
            "value": 0.004891168100000001,
            "min": 0.004891168100000001,
            "max": 0.004891168100000001,
            "count": 1
        }
    },
    "metadata": {
        "timer_format_version": "0.1.0",
        "start_time_seconds": "1616532389",
        "python_version": "3.7.9 (default, Aug 31 2020, 17:10:11) [MSC v.1916 64 bit (AMD64)]",
        "command_line_arguments": "C:\\Users\\Kristian\\.conda\\envs\\ml\\Scripts\\mlagents-learn config.yaml",
        "mlagents_version": "0.25.0",
        "mlagents_envs_version": "0.25.0",
        "communication_protocol_version": "1.5.0",
        "pytorch_version": "1.7.1",
        "numpy_version": "1.18.5",
        "end_time_seconds": "1616532566"
    },
    "total": 177.1738187,
    "count": 1,
    "self": 0.011229899999989357,
    "children": {
        "run_training.setup": {
            "total": 0.09500700000000006,
            "count": 1,
            "self": 0.09500700000000006
        },
        "TrainerController.start_learning": {
            "total": 177.0675818,
            "count": 1,
            "self": 1.0538936999999748,
            "children": {
                "TrainerController._reset_env": {
                    "total": 4.1103747,
                    "count": 1,
                    "self": 4.1103747
                },
                "TrainerController.advance": {
                    "total": 171.67228890000004,
                    "count": 1465,
                    "self": 0.021488500000486965,
                    "children": {
                        "env_step": {
                            "total": 171.65080039999955,
                            "count": 1465,
                            "self": 159.2683183999991,
                            "children": {
                                "SubprocessEnvManager._take_step": {
                                    "total": 12.352207300000384,
                                    "count": 1465,
                                    "self": 0.10793300000011996,
                                    "children": {
                                        "TorchPolicy.evaluate": {
                                            "total": 12.244274300000264,
                                            "count": 1455,
                                            "self": 2.6743593000006403,
                                            "children": {
                                                "TorchPolicy.sample_actions": {
                                                    "total": 9.569914999999623,
                                                    "count": 1455,
                                                    "self": 9.569914999999623
                                                }
                                            }
                                        }
                                    }
                                },
                                "workers": {
                                    "total": 0.030274700000083143,
                                    "count": 1464,
                                    "self": 0.0,
                                    "children": {
                                        "worker_root": {
                                            "total": 173.0507226,
                                            "count": 1464,
                                            "is_parallel": true,
                                            "self": 17.876221000000044,
                                            "children": {
                                                "steps_from_proto": {
                                                    "total": 0.02192430000000023,
                                                    "count": 1,