{
    "name": "root",
    "gauges": {
        "MyBehavior.Policy.Entropy.mean": {
            "value": 0.33311375975608826,
            "min": 0.33311375975608826,
            "max": 0.4348559081554413,
            "count": 9
        },
        "MyBehavior.Policy.Entropy.sum": {
            "value": 16815.58203125,
            "min": 16815.58203125,
            "max": 22125.46875,
            "count": 9
        },
        "MyBehavior.Environment.EpisodeLength.mean": {
            "value": 51.54973821989529,
            "min": 47.97430830039526,
            "max": 52.91135135135135,
            "count": 9
        },
        "MyBehavior.Environment.EpisodeLength.sum": {
            "value": 49230.0,
            "min": 48550.0,
            "max": 49292.0,
            "count": 9
        },
        "MyBehavior.Policy.ExtrinsicValueEstimate.mean": {
            "value": 1.360771894454956,
            "min": 1.3301838636398315,
            "max": 1.4978855848312378,
            "count": 9
        },
        "MyBehavior.Policy.ExtrinsicValueEstimate.sum": {
            "value": 1816.6304931640625,
            "min": 1760.604736328125,
            "max": 2091.04833984375,
            "count": 9
        },
        "MyBehavior.Environment.CumulativeReward.mean": {
            "value": 1.4482403276341904,
            "min": 1.414315895996689,
            "max": 1.5814873377555791,
            "count": 9
        },
        "MyBehavior.Environment.CumulativeReward.sum": {
            "value": 1383.0695128906518,
            "min": 1322.0721123795229,
            "max": 1598.8836984708905,
            "count": 9
        },
        "MyBehavior.Policy.ExtrinsicReward.mean": {
            "value": 1.4482403276341904,
            "min": 1.414315895996689,
            "max": 1.5814873377555791,
            "count": 9
        },
        "MyBehavior.Policy.ExtrinsicReward.sum": {
            "value": 1383.0695128906518,
            "min": 1322.0721123795229,
            "max": 1598.8836984708905,
            "count": 9
        },
        "MyBehavior.Losses.PolicyLoss.mean": {
            "value": 0.050434273069264235,
            "min": 0.048433650254701276,
            "max": 0.05842239728249843,
            "count": 9
        },
        "MyBehavior.Losses.PolicyLoss.sum": {
            "value": 0.2521713653463212,
            "min": 0.1937346010188051,
            "max": 0.29211198641249214,
            "count": 9
        },
        "MyBehavior.Losses.ValueLoss.mean": {
            "value": 0.12788705254159866,
            "min": 0.0787651462573558,
            "max": 0.14557011055387556,
            "count": 9
        },
        "MyBehavior.Losses.ValueLoss.sum": {
            "value": 0.6394352627079933,
            "min": 0.33079170391894874,
            "max": 0.7278505527693778,
            "count": 9
        },
        "MyBehavior.Policy.LearningRate.mean": {
            "value": 0.0004000000000000001,
            "min": 0.0004000000000000001,
            "max": 0.0004000000000000001,
            "count": 9
        },
        "MyBehavior.Policy.LearningRate.sum": {
            "value": 0.0020000000000000005,
            "min": 0.0016000000000000003,
            "max": 0.0020000000000000005,
            "count": 9
        },
        "MyBehavior.Policy.Epsilon.mean": {
            "value": 0.2,
            "min": 0.2,
            "max": 0.2,
            "count": 9
        },
        "MyBehavior.Policy.Epsilon.sum": {
            "value": 1.0,
            "min": 0.8,
            "max": 1.0,
            "count": 9
        },
        "MyBehavior.Policy.Beta.mean": {
            "value": 0.004999999999999999,
            "min": 0.004999999999999999,
            "max": 0.004999999999999999,
            "count": 9
        },
        "MyBehavior.Policy.Beta.sum": {
            "value": 0.024999999999999994,
            "min": 0.019999999999999997,
            "max": 0.024999999999999994,
            "count": 9
        },
        "MyBehavior.IsTraining.mean": {
            "value": 1.0,
            "min": 1.0,
            "max": 1.0,
            "count": 9
        },
        "MyBehavior.IsTraining.sum": {
            "value": 1.0,
            "min": 1.0,
            "max": 1.0,
            "count": 9
        }
    },
    "metadata": {
        "timer_format_version": "0.1.0",
        "start_time_seconds": "1616674977",
        "python_version": "3.7.9 (default, Aug 31 2020, 17:10:11) [MSC v.1916 64 bit (AMD64)]",
        "command_line_arguments": "C:\\Users\\Kristian\\.conda\\envs\\ml\\Scripts\\mlagents-learn config.yaml",
        "mlagents_version": "0.25.0",
        "mlagents_envs_version": "0.25.0",
        "communication_protocol_version": "1.5.0",
        "pytorch_version": "1.7.1",
        "numpy_version": "1.18.5",
        "end_time_seconds": "1616677272"
    },
    "total": 2294.5117884,
    "count": 1,
    "self": 0.004721599999811588,
    "children": {
        "run_training.setup": {
            "total": 0.24628600000000045,
            "count": 1,
            "self": 0.24628600000000045
        },
        "TrainerController.start_learning": {
            "total": 2294.2607808000002,
            "count": 1,
            "self": 0.6260843000027307,
            "children": {
                "TrainerController._reset_env": {
                    "total": 9.7043012,
                    "count": 1,
                    "self": 9.7043012
                },
                "TrainerController.advance": {
                    "total": 2283.669270599997,
                    "count": 20471,
                    "self": 0.34183969999730834,
                    "children": {
                        "env_step": {
                            "total": 2283.3274309,
                            "count": 20471,
                            "self": 2154.4455514000106,
                            "children": {
                                "SubprocessEnvManager._take_step": {
                                    "total": 128.39231809998282,
                                    "count": 20471,
                                    "self": 1.1701518999855693,
                                    "children": {
                                        "TorchPolicy.evaluate": {
                                            "total": 127.22216619999725,
                                            "count": 11986,
                                            "self": 29.446117000003298,
                                            "children": {
                                                "TorchPolicy.sample_actions": {
                                                    "total": 97.77604919999395,
                                                    "count": 11986,
                                                    "self": 97.77604919999395
                                                }
                                            }
                                        }
                                    }
                                },
                                "workers": {
                                    "total": 0.48956140000633397,
                                    "count": 20470,
                                    "self": 0.0,
                                    "children": {
                                        "worker_root": {
                                            "total": 2284.873692700009,
                                            "count": 20470,
                                            "is_parallel": true,
                                            "self": 873.5437973000137,
                                            "children": {
                                                "steps_from_proto": {
                                                    "total": 0.022674900000000164,
                                                    "count": 1,
                                                    "is_parallel": true,