{
    "name": "root",
    "metadata": {
        "timer_format_version": "0.1.0",
        "start_time_seconds": "1615901572",
        "python_version": "3.7.9 (default, Aug 31 2020, 17:10:11) [MSC v.1916 64 bit (AMD64)]",
        "command_line_arguments": "C:\\Users\\Kristian\\.conda\\envs\\ml\\Scripts\\mlagents-learn .\\Assets\\config.yaml --force",
        "mlagents_version": "0.24.1",
        "mlagents_envs_version": "0.24.1",
        "communication_protocol_version": "1.4.0",
        "pytorch_version": "1.7.1",
        "numpy_version": "1.18.5",
        "end_time_seconds": "1615901652"
    },
    "total": 79.6903386,
    "count": 1,
    "self": 0.004429399999992256,
    "children": {
        "run_training.setup": {
            "total": 0.045467399999999936,
            "count": 1,
            "self": 0.045467399999999936
        },
        "TrainerController.start_learning": {
            "total": 79.6404418,
            "count": 1,
            "self": 0.08854849999981695,
            "children": {
                "TrainerController._reset_env": {
                    "total": 10.277606,
                    "count": 1,
                    "self": 10.277606
                },
                "TrainerController.advance": {
                    "total": 69.05739930000018,
                    "count": 2717,
                    "self": 0.03581670000001225,
                    "children": {
                        "env_step": {
                            "total": 69.02158260000017,
                            "count": 2717,
                            "self": 55.72752660000027,
                            "children": {
                                "SubprocessEnvManager._take_step": {
                                    "total": 13.245243299999926,
                                    "count": 2717,
                                    "self": 0.16995049999984246,
                                    "children": {
                                        "TorchPolicy.evaluate": {
                                            "total": 13.075292800000083,
                                            "count": 2659,
                                            "self": 3.4863872999999987,
                                            "children": {
                                                "TorchPolicy.sample_actions": {
                                                    "total": 9.588905500000084,
                                                    "count": 2659,
                                                    "self": 9.588905500000084
                                                }
                                            }
                                        }
                                    }
                                },
                                "workers": {
                                    "total": 0.04881269999997784,
                                    "count": 2716,
                                    "self": 0.0,
                                    "children": {
                                        "worker_root": {
                                            "total": 70.55783620000003,
                                            "count": 2716,
                                            "is_parallel": true,
                                            "self": 18.04451390000046,
                                            "children": {
                                                "steps_from_proto": {
                                                    "total": 0.011636300000001043,
                                                    "count": 1,
                                                    "is_parallel": true,
                                                    "self": 0.0001772000000030971,
                                                    "children": {
                                                        "_process_visual_observation": {
                                                            "total": 0.011391499999998445,
                                                            "count": 4,
                                                            "is_parallel": true,
                                                            "self": 3.999999999848569e-05,
                                                            "children": {
                                                                "observation_to_np_array": {
                                                                    "total": 0.011351499999999959,
                                                                    "count": 2,
                                                                    "is_parallel": true,
                                                                    "self": 4.919999999941638e-05,
                                                                    "children": {
                                                                        "process_pixels": {
                                                                            "total": 0.011302300000000542,
                                                                            "count": 2,
                                                                            "is_parallel": true,
                                                                            "self": 0.0005860000000019738,
                                                                            "children": {
                                                                                "image_decompress": {
                                                                                    "total": 0.010716299999998569,
                                                                                    "count": 6,
                                                                                    "is_parallel": true,
                                                                                    "self": 0.010716299999998569
                                                                                }
                                                                            }
                                                                        }
                                                                    }
                                                                }
                                                            }
                                                        },
                                                        "_process_vector_observation": {
                                                            "total": 6.759999999950139e-05,
                                                            "count": 2,
                                                            "is_parallel": true,
                                                            "self": 6.759999999950139e-05
                                                        }
                                                    }
                                                },
                                                "UnityEnvironment.step": {
                                                    "total": 52.501685999999566,
                                                    "count": 2716,
                                                    "is_parallel": true,
                                                    "self": 0.3833365999989695,
                                                    "children": {
                                                        "UnityEnvironment._generate_step_input": {
                                                            "total": 0.3169217000004423,
                                                            "count": 2716,
                                                            "is_parallel": true,