{
    "name": "root",
    "metadata": {
        "timer_format_version": "0.1.0",
        "start_time_seconds": "1615300326",
        "python_version": "3.7.9 (default, Aug 31 2020, 17:10:11) [MSC v.1916 64 bit (AMD64)]",
        "command_line_arguments": "C:\\Users\\Kristian\\.conda\\envs\\ml\\Scripts\\mlagents-learn --force",
        "mlagents_version": "0.23.0",
        "mlagents_envs_version": "0.23.0",
        "communication_protocol_version": "1.3.0",
        "pytorch_version": "1.7.1",
        "numpy_version": "1.18.5",
        "end_time_seconds": "1615300339"
    },
    "total": 12.6693923,
    "count": 1,
    "self": 0.006138100000001145,
    "children": {
        "run_training.setup": {
            "total": 0.010141500000000025,
            "count": 1,
            "self": 0.010141500000000025
        },
        "TrainerController.start_learning": {
            "total": 12.6531127,
            "count": 1,
            "self": 0.013159000000001697,
            "children": {
                "TrainerController._reset_env": {
                    "total": 9.8793306,
                    "count": 1,
                    "self": 9.8793306
                },
                "TrainerController.advance": {
                    "total": 2.619054799999999,
                    "count": 39,
                    "self": 0.0006833999999926732,
                    "children": {
                        "env_step": {
                            "total": 2.6183714000000062,
                            "count": 39,
                            "self": 2.1522332000000013,
                            "children": {
                                "SubprocessEnvManager._take_step": {
                                    "total": 0.4655690000000021,
                                    "count": 39,
                                    "self": 0.0030502999999999503,
                                    "children": {
                                        "TorchPolicy.evaluate": {
                                            "total": 0.46251870000000217,
                                            "count": 39,
                                            "self": 0.05118389999999806,
                                            "children": {
                                                "TorchPolicy.sample_actions": {
                                                    "total": 0.4113348000000041,
                                                    "count": 39,
                                                    "self": 0.4113348000000041
                                                }
                                            }
                                        }
                                    }
                                },
                                "workers": {
                                    "total": 0.000569200000002823,
                                    "count": 38,
                                    "self": 0.0,
                                    "children": {
                                        "worker_root": {
                                            "total": 4.1292755,
                                            "count": 38,
                                            "is_parallel": true,
                                            "self": 2.151681400000001,
                                            "children": {
                                                "steps_from_proto": {
                                                    "total": 0.00033050000000045543,
                                                    "count": 1,
                                                    "is_parallel": true,
                                                    "self": 0.00016890000000202576,
                                                    "children": {
                                                        "_process_vector_observation": {
                                                            "total": 0.00016159999999842967,
                                                            "count": 2,
                                                            "is_parallel": true,
                                                            "self": 0.00016159999999842967
                                                        }
                                                    }
                                                },
                                                "UnityEnvironment.step": {
                                                    "total": 1.9772635999999988,
                                                    "count": 38,
                                                    "is_parallel": true,
                                                    "self": 0.004572799999992938,
                                                    "children": {
                                                        "UnityEnvironment._generate_step_input": {
                                                            "total": 0.004378199999999666,
                                                            "count": 38,
                                                            "is_parallel": true,
                                                            "self": 0.004378199999999666
                                                        },
                                                        "communicator.exchange": {
                                                            "total": 1.9563177000000032,
                                                            "count": 38,
                                                            "is_parallel": true,
                                                            "self": 1.9563177000000032
                                                        },
                                                        "steps_from_proto": {
                                                            "total": 0.011994900000003028,
                                                            "count": 38,
                                                            "is_parallel": true,
                                                            "self": 0.006644299999987169,
                                                            "children": {
                                                                "_process_vector_observation": {
                                                                    "total": 0.005350600000015859,
                                                                    "count": 76,
                                                                    "is_parallel": true,
                                                                    "self": 0.005350600000015859
                                                                }
                                                            }
                                                        }
                                                    }
                                                }
                                            }
                                        }
                                    }
                                }
                            }
                        }
                    }
                },
                "trainer_threads": {
                    "total": 5.739999999931911e-05,
                    "count": 1,
                    "self": 5.739999999931911e-05,
                    "children": {
                        "thread_root": {
                            "total": 0.0,
                            "count": 0,
                            "is_parallel": true,
                            "self": 0.0,
                            "children": {
                                "trainer_advance": {
                                    "total": 2.6263193000000005,
                                    "count": 165,