{
    "name": "root",
    "metadata": {
        "timer_format_version": "0.1.0",
        "start_time_seconds": "1615829571",
        "python_version": "3.7.9 (default, Aug 31 2020, 17:10:11) [MSC v.1916 64 bit (AMD64)]",
        "command_line_arguments": "C:\\Users\\Kristian\\.conda\\envs\\ml\\Scripts\\mlagents-learn --force",
        "mlagents_version": "0.24.1",
        "mlagents_envs_version": "0.24.1",
        "communication_protocol_version": "1.4.0",
        "pytorch_version": "1.7.1",
        "numpy_version": "1.18.5",
        "end_time_seconds": "1615829628"
    },
    "total": 57.1100929,
    "count": 1,
    "self": 0.008495099999997535,
    "children": {
        "run_training.setup": {
            "total": 0.07910430000000002,
            "count": 1,
            "self": 0.07910430000000002
        },
        "TrainerController.start_learning": {
            "total": 57.0224935,
            "count": 1,
            "self": 0.008759799999957352,
            "children": {
                "TrainerController._reset_env": {
                    "total": 43.2777356,
                    "count": 1,
                    "self": 43.2777356
                },
                "TrainerController.advance": {
                    "total": 13.446798400000041,
                    "count": 156,
                    "self": 0.0022394000000502956,
                    "children": {
                        "env_step": {
                            "total": 13.444558999999991,
                            "count": 156,
                            "self": 9.863208600000007,
                            "children": {
                                "SubprocessEnvManager._take_step": {
                                    "total": 3.578624799999986,
                                    "count": 156,
                                    "self": 0.010296399999973005,
                                    "children": {
                                        "TorchPolicy.evaluate": {
                                            "total": 3.568328400000013,
                                            "count": 156,
                                            "self": 0.2096168999999719,
                                            "children": {
                                                "TorchPolicy.sample_actions": {
                                                    "total": 3.358711500000041,
                                                    "count": 156,
                                                    "self": 3.358711500000041
                                                }
                                            }
                                        }
                                    }
                                },
                                "workers": {
                                    "total": 0.0027255999999979963,
                                    "count": 155,
                                    "self": 0.0,
                                    "children": {
                                        "worker_root": {
                                            "total": 16.085677499999996,
                                            "count": 155,
                                            "is_parallel": true,
                                            "self": 6.410266600000078,
                                            "children": {
                                                "steps_from_proto": {
                                                    "total": 0.02038869999999804,
                                                    "count": 1,
                                                    "is_parallel": true,
                                                    "self": 0.0002138999999985458,
                                                    "children": {
                                                        "_process_visual_observation": {
                                                            "total": 0.020084399999994673,
                                                            "count": 4,
                                                            "is_parallel": true,
                                                            "self": 3.759999999886077e-05,
                                                            "children": {
                                                                "observation_to_np_array": {
                                                                    "total": 0.020046799999995812,
                                                                    "count": 2,
                                                                    "is_parallel": true,
                                                                    "self": 4.519999999530455e-05,
                                                                    "children": {
                                                                        "process_pixels": {
                                                                            "total": 0.020001600000000508,
                                                                            "count": 2,
                                                                            "is_parallel": true,
                                                                            "self": 0.0005820000000014147,
                                                                            "children": {
                                                                                "image_decompress": {
                                                                                    "total": 0.019419599999999093,
                                                                                    "count": 6,
                                                                                    "is_parallel": true,
                                                                                    "self": 0.019419599999999093
                                                                                }
                                                                            }
                                                                        }
                                                                    }
                                                                }
                                                            }
                                                        },
                                                        "_process_vector_observation": {
                                                            "total": 9.040000000481996e-05,
                                                            "count": 2,
                                                            "is_parallel": true,
                                                            "self": 9.040000000481996e-05
                                                        }
                                                    }
                                                },
                                                "UnityEnvironment.step": {
                                                    "total": 9.65502219999992,
                                                    "count": 155,
                                                    "is_parallel": true,
                                                    "self": 0.020128499999813698,
                                                    "children": {
                                                        "UnityEnvironment._generate_step_input": {
                                                            "total": 0.015780300000017178,
                                                            "count": 155,
                                                            "is_parallel": true,