{
    "name": "root",
    "metadata": {
        "timer_format_version": "0.1.0",
        "start_time_seconds": "1615893494",
        "python_version": "3.7.9 (default, Aug 31 2020, 17:10:11) [MSC v.1916 64 bit (AMD64)]",
        "command_line_arguments": "C:\\Users\\Kristian\\.conda\\envs\\ml\\Scripts\\mlagents-learn --force",
        "mlagents_version": "0.24.1",
        "mlagents_envs_version": "0.24.1",
        "communication_protocol_version": "1.4.0",
        "pytorch_version": "1.7.1",
        "numpy_version": "1.18.5",
        "end_time_seconds": "1615893588"
    },
    "total": 94.964346,
    "count": 1,
    "self": 0.003568200000003685,
    "children": {
        "run_training.setup": {
            "total": 0.1122020999999993,
            "count": 1,
            "self": 0.1122020999999993
        },
        "TrainerController.start_learning": {
            "total": 94.8485757,
            "count": 1,
            "self": 0.07347819999969829,
            "children": {
                "TrainerController._reset_env": {
                    "total": 27.0620058,
                    "count": 1,
                    "self": 27.0620058
                },
                "TrainerController.advance": {
                    "total": 67.4500656000003,
                    "count": 2000,
                    "self": 0.029344100000358253,
                    "children": {
                        "env_step": {
                            "total": 67.42072149999994,
                            "count": 2000,
                            "self": 55.253908399999986,
                            "children": {
                                "SubprocessEnvManager._take_step": {
                                    "total": 12.128358900000062,
                                    "count": 2000,
                                    "self": 0.14166300000023213,
                                    "children": {
                                        "TorchPolicy.evaluate": {
                                            "total": 11.98669589999983,
                                            "count": 1998,
                                            "self": 2.8418149999996807,
                                            "children": {
                                                "TorchPolicy.sample_actions": {
                                                    "total": 9.14488090000015,
                                                    "count": 1998,
                                                    "self": 9.14488090000015
                                                }
                                            }
                                        }
                                    }
                                },
                                "workers": {
                                    "total": 0.0384541999998973,
                                    "count": 1999,
                                    "self": 0.0,
                                    "children": {
                                        "worker_root": {
                                            "total": 69.97731680000021,
                                            "count": 1999,
                                            "is_parallel": true,
                                            "self": 17.175532100000098,
                                            "children": {
                                                "steps_from_proto": {
                                                    "total": 0.02860379999999907,
                                                    "count": 1,
                                                    "is_parallel": true,
                                                    "self": 0.0011521999999999366,
                                                    "children": {
                                                        "_process_visual_observation": {
                                                            "total": 0.026924399999998627,
                                                            "count": 4,
                                                            "is_parallel": true,
                                                            "self": 4.3899999997876193e-05,
                                                            "children": {
                                                                "observation_to_np_array": {
                                                                    "total": 0.02688050000000075,
                                                                    "count": 2,
                                                                    "is_parallel": true,
                                                                    "self": 5.790000000160944e-05,
                                                                    "children": {
                                                                        "process_pixels": {
                                                                            "total": 0.02682259999999914,
                                                                            "count": 2,
                                                                            "is_parallel": true,
                                                                            "self": 0.003355699999996631,
                                                                            "children": {
                                                                                "image_decompress": {
                                                                                    "total": 0.02346690000000251,
                                                                                    "count": 6,
                                                                                    "is_parallel": true,
                                                                                    "self": 0.02346690000000251
                                                                                }
                                                                            }
                                                                        }
                                                                    }
                                                                }
                                                            }
                                                        },
                                                        "_process_vector_observation": {
                                                            "total": 0.000527200000000505,
                                                            "count": 2,
                                                            "is_parallel": true,
                                                            "self": 0.000527200000000505
                                                        }
                                                    }
                                                },
                                                "UnityEnvironment.step": {
                                                    "total": 52.77318090000011,
                                                    "count": 1999,
                                                    "is_parallel": true,
                                                    "self": 0.2633646000002017,
                                                    "children": {
                                                        "UnityEnvironment._generate_step_input": {
                                                            "total": 0.2339792999998167,
                                                            "count": 1999,
                                                            "is_parallel": true,
                                                            "self": 0.2339792999998167
                                                        },